"","stand","stand_group"
"1","CG-2-12","8C ASSIGNED"
"2","CG2-1","8C ASSIGNED"
"3","CG2-10","8C ASSIGNED"
"4","CG2-11","8C ASSIGNED"
"5","CG2-13","8C ASSIGNED"
"6","CG2-14","8C ASSIGNED"
"7","CG2-15","8C ASSIGNED"
"8","CG2-2","8C ASSIGNED"
"9","CG2-20","8C ASSIGNED"
"10","CG2-4","8C ASSIGNED"
"11","CG2-5","8C ASSIGNED"
"12","CG2-6","8C ASSIGNED"
"13","CG2-7","8C ASSIGNED"
"14","CG2-8","8C ASSIGNED"
"15","CG2-9","8C ASSIGNED"
"16","CG2-RON1","8C ASSIGNED"
"17","CG3-1","8C ASSIGNED"
"18","CG3-2","8C ASSIGNED"
"19","CG4-1","8C ASSIGNED"
"20","CG4-3","8C ASSIGNED"
"21","CG4-5","8C ASSIGNED"
"22","CG4-7","8C ASSIGNED"
"23","CG4-9","8C ASSIGNED"
"24","CG6-1","8C ASSIGNED"
"25","CG6-2","8C ASSIGNED"
"26","CG6-3","8C ASSIGNED"
"27","CG6-4","8C ASSIGNED"
"28","CG6-5","8C ASSIGNED"
"29","CG6-6","8C ASSIGNED"
"30","CG6-7","8C ASSIGNED"
"31","CG6-8","8C ASSIGNED"
"32","A-1","A CONCOURSE"
"33","A-10","A CONCOURSE"
"34","A-10A","A CONCOURSE"
"35","A-11","A CONCOURSE"
"36","A-11A","A CONCOURSE"
"37","A-11B","A CONCOURSE"
"38","A-12","A CONCOURSE"
"39","A-12A","A CONCOURSE"
"40","A-12B","A CONCOURSE"
"41","A-13","A CONCOURSE"
"42","A-13A","A CONCOURSE"
"43","A-14","A CONCOURSE"
"44","A-14R","A CONCOURSE"
"45","A-2","A CONCOURSE"
"46","A-3","A CONCOURSE"
"47","A-3A","A CONCOURSE"
"48","A-4","A CONCOURSE"
"49","A-4A","A CONCOURSE"
"50","A-5","A CONCOURSE"
"51","A-6","A CONCOURSE"
"52","A-6A","A CONCOURSE"
"53","A-7","A CONCOURSE"
"54","A-8","A CONCOURSE"
"55","A-8A","A CONCOURSE"
"56","A-9","A CONCOURSE"
"57","A-12","A12 and A13 gate pod"
"58","A-12B","A12 and A13 gate pod"
"59","A-13","A12 and A13 gate pod"
"60","A-13A","A12 and A13 gate pod"
"61","A-7","A7 and A8 gatepod"
"62","A-8","A7 and A8 gatepod"
"63","A-8A","A7 and A8 gatepod"
"64","CG-2-12","AA_ASSIGNED"
"65","CG2-1","AA_ASSIGNED"
"66","CG2-10","AA_ASSIGNED"
"67","CG2-11","AA_ASSIGNED"
"68","CG2-13","AA_ASSIGNED"
"69","CG2-14","AA_ASSIGNED"
"70","CG2-15","AA_ASSIGNED"
"71","CG2-16","AA_ASSIGNED"
"72","CG2-2","AA_ASSIGNED"
"73","CG2-20","AA_ASSIGNED"
"74","CG2-3","AA_ASSIGNED"
"75","CG2-3R","AA_ASSIGNED"
"76","CG2-4R","AA_ASSIGNED"
"77","CG2-9","AA_ASSIGNED"
"78","CG2-RON1","AA_ASSIGNED"
"79","CG3-1","AA_ASSIGNED"
"80","CG3-2","AA_ASSIGNED"
"81","CG3-2R","AA_ASSIGNED"
"82","CG4-1","AA_ASSIGNED"
"83","CG4-3","AA_ASSIGNED"
"84","CG4-5","AA_ASSIGNED"
"85","CG4-7","AA_ASSIGNED"
"86","CG4-9","AA_ASSIGNED"
"87","CG6-1","AA_ASSIGNED"
"88","CG6-2","AA_ASSIGNED"
"89","CG6-3","AA_ASSIGNED"
"90","CG6-4","AA_ASSIGNED"
"91","CG6-5","AA_ASSIGNED"
"92","D-10","AA_ASSIGNED"
"93","D-11","AA_ASSIGNED"
"94","D-9","AA_ASSIGNED"
"95","A-11","AOS Printout"
"96","A-11A","AOS Printout"
"97","A-11B","AOS Printout"
"98","A-12","AOS Printout"
"99","A-12A","AOS Printout"
"100","A-12B","AOS Printout"
"101","A-7","AOS Printout"
"102","B-15","AOS Printout"
"103","CG2-1","AOS Printout"
"104","CG2-10","AOS Printout"
"105","CG2-11","AOS Printout"
"106","CG2-13","AOS Printout"
"107","CG2-15","AOS Printout"
"108","CG2-2","AOS Printout"
"109","CG2-20","AOS Printout"
"110","CG2-3","AOS Printout"
"111","CG2-3R","AOS Printout"
"112","CG2-4","AOS Printout"
"113","CG2-4R","AOS Printout"
"114","CG2-5","AOS Printout"
"115","CG2-6","AOS Printout"
"116","CG2-9","AOS Printout"
"117","CG2-RON1","AOS Printout"
"118","CG3-1","AOS Printout"
"119","CG3-2","AOS Printout"
"120","CG3-2R","AOS Printout"
"121","CG4-1","AOS Printout"
"122","CG4-3","AOS Printout"
"123","CG4-5","AOS Printout"
"124","CG4-7","AOS Printout"
"125","CG4-9","AOS Printout"
"126","CG5-1","AOS Printout"
"127","CG5-10","AOS Printout"
"128","CG5-10R","AOS Printout"
"129","CG5-2","AOS Printout"
"130","CG5-3","AOS Printout"
"131","CG5-4","AOS Printout"
"132","CG5-5","AOS Printout"
"133","CG5-6","AOS Printout"
"134","CG5-7","AOS Printout"
"135","CG5-8","AOS Printout"
"136","CG5-9","AOS Printout"
"137","CG6-1","AOS Printout"
"138","CG6-2","AOS Printout"
"139","CG6-3","AOS Printout"
"140","CG6-4","AOS Printout"
"141","CG6-5","AOS Printout"
"142","CG6-6","AOS Printout"
"143","CG6-7","AOS Printout"
"144","CG6-8","AOS Printout"
"145","CG7-10","AOS Printout"
"146","CG7-11","AOS Printout"
"147","CG7-12","AOS Printout"
"148","CG7-1E","AOS Printout"
"149","CG7-1W","AOS Printout"
"150","CG7-2E","AOS Printout"
"151","CG7-2W","AOS Printout"
"152","CG7-3E","AOS Printout"
"153","CG7-3W","AOS Printout"
"154","CG7-4E","AOS Printout"
"155","CG7-4W","AOS Printout"
"156","CG7-5","AOS Printout"
"157","CG7-6","AOS Printout"
"158","CG7-7","AOS Printout"
"159","CG7-8","AOS Printout"
"160","CG7-9","AOS Printout"
"161","CG7-9R","AOS Printout"
"162","N-16","AOS Printout"
"163","N-16A","AOS Printout"
"164","N-17","AOS Printout"
"165","S-1","AOS Printout"
"166","S-10","AOS Printout"
"167","S-10A","AOS Printout"
"168","S-10B","AOS Printout"
"169","S-11","AOS Printout"
"170","S-12","AOS Printout"
"171","S-15","AOS Printout"
"172","S-16","AOS Printout"
"173","S-1A","AOS Printout"
"174","S-1B","AOS Printout"
"175","S-2","AOS Printout"
"176","S-3","AOS Printout"
"177","S-3A","AOS Printout"
"178","S-4","AOS Printout"
"179","S-4A","AOS Printout"
"180","S-4B","AOS Printout"
"181","S-5","AOS Printout"
"182","S-6","AOS Printout"
"183","S-6A","AOS Printout"
"184","S-7","AOS Printout"
"185","S-7A","AOS Printout"
"186","S-8","AOS Printout"
"187","S-8A","AOS Printout"
"188","S-9","AOS Printout"
"189","S-9A","AOS Printout"
"190","S-9B","AOS Printout"
"191","AS-H1","AS Maintenance"
"192","AS-H12","AS Maintenance"
"193","AS-H2","AS Maintenance"
"194","AS-H3","AS Maintenance"
"195","AS-H4","AS Maintenance"
"196","AS-H5","AS Maintenance"
"197","AS-H6","AS Maintenance"
"198","AS-HA","AS Maintenance"
"199","AS-HB","AS Maintenance"
"200","AS-HC","AS Maintenance"
"201","AS-HD","AS Maintenance"
"202","AS-HE","AS Maintenance"
"203","AS-CG1","AS and CU"
"204","AS-CG2","AS and CU"
"205","AS-H1","AS and CU"
"206","AS-H12","AS and CU"
"207","AS-H2","AS and CU"
"208","AS-H3","AS and CU"
"209","AS-H4","AS and CU"
"210","AS-H5","AS and CU"
"211","AS-H6","AS and CU"
"212","AS-HA","AS and CU"
"213","AS-HB","AS and CU"
"214","AS-HC","AS and CU"
"215","AS-HD","AS and CU"
"216","AS-HE","AS and CU"
"217","B-11","AS and CU"
"218","B-15","AS and CU"
"219","C-10","AS and CU"
"220","C-11","AS and CU"
"221","C-12","AS and CU"
"222","C-14","AS and CU"
"223","C-15","AS and CU"
"224","C-16","AS and CU"
"225","C-16A","AS and CU"
"226","C-17","AS and CU"
"227","C-18","AS and CU"
"228","C-2","AS and CU"
"229","C-20","AS and CU"
"230","C-3","AS and CU"
"231","C-4","AS and CU"
"232","C-6","AS and CU"
"233","C-8","AS and CU"
"234","C-9","AS and CU"
"235","CG1-H1","AS and CU"
"236","CG1-H2","AS and CU"
"237","D-1","AS and CU"
"238","D-10","AS and CU"
"239","D-11","AS and CU"
"240","D-2","AS and CU"
"241","D-3","AS and CU"
"242","D-4","AS and CU"
"243","D-5","AS and CU"
"244","D-7","AS and CU"
"245","D-8","AS and CU"
"246","N-1","AS and CU"
"247","N-10","AS and CU"
"248","N-11","AS and CU"
"249","N-12","AS and CU"
"250","N-12A","AS and CU"
"251","N-12B","AS and CU"
"252","N-12C","AS and CU"
"253","N-12D","AS and CU"
"254","N-12E","AS and CU"
"255","N-13","AS and CU"
"256","N-14","AS and CU"
"257","N-14A","AS and CU"
"258","N-15","AS and CU"
"259","N-16","AS and CU"
"260","N-17","AS and CU"
"261","N-18","AS and CU"
"262","N-19","AS and CU"
"263","N-2","AS and CU"
"264","N-20","AS and CU"
"265","N-3","AS and CU"
"266","N-3A","AS and CU"
"267","N-4","AS and CU"
"268","N-5","AS and CU"
"269","N-6","AS and CU"
"270","N-7","AS and CU"
"271","N-8","AS and CU"
"272","N-9","AS and CU"
"273","Q-1","AS and CU"
"274","Q-10","AS and CU"
"275","Q-11","AS and CU"
"276","Q-12","AS and CU"
"277","Q-13","AS and CU"
"278","Q-14","AS and CU"
"279","Q-15","AS and CU"
"280","Q-16","AS and CU"
"281","Q-17","AS and CU"
"282","Q-18","AS and CU"
"283","Q-2","AS and CU"
"284","Q-20","AS and CU"
"285","Q-21","AS and CU"
"286","Q-22","AS and CU"
"287","Q-23","AS and CU"
"288","Q-24","AS and CU"
"289","Q-3","AS and CU"
"290","Q-30","AS and CU"
"291","Q-31","AS and CU"
"292","Q-32","AS and CU"
"293","Q-33","AS and CU"
"294","Q-4","AS and CU"
"295","Q-40","AS and CU"
"296","Q-41","AS and CU"
"297","Q-42","AS and CU"
"298","Q-5","AS and CU"
"299","Q-6","AS and CU"
"300","Q-7","AS and CU"
"301","Q-8","AS and CU"
"302","Q-9","AS and CU"
"303","S-1","AS and CU"
"304","S-10","AS and CU"
"305","S-10A","AS and CU"
"306","S-10B","AS and CU"
"307","S-11","AS and CU"
"308","S-12","AS and CU"
"309","S-15","AS and CU"
"310","S-16","AS and CU"
"311","S-16A","AS and CU"
"312","S-1A","AS and CU"
"313","S-1B","AS and CU"
"314","S-2","AS and CU"
"315","S-3","AS and CU"
"316","S-3A","AS and CU"
"317","S-4","AS and CU"
"318","S-4A","AS and CU"
"319","S-4B","AS and CU"
"320","S-9","AS and CU"
"321","S-9A","AS and CU"
"322","S-9B","AS and CU"
"323","A-6","AS_ASSIGNED"
"324","A-6A","AS_ASSIGNED"
"325","AS-CG1","AS_ASSIGNED"
"326","AS-CG2","AS_ASSIGNED"
"327","AS-H1","AS_ASSIGNED"
"328","AS-H12","AS_ASSIGNED"
"329","AS-H2","AS_ASSIGNED"
"330","AS-H3","AS_ASSIGNED"
"331","AS-H4","AS_ASSIGNED"
"332","AS-H5","AS_ASSIGNED"
"333","AS-H6","AS_ASSIGNED"
"334","AS-HA","AS_ASSIGNED"
"335","AS-HB","AS_ASSIGNED"
"336","AS-HC","AS_ASSIGNED"
"337","AS-HD","AS_ASSIGNED"
"338","AS-HE","AS_ASSIGNED"
"339","C-10","AS_ASSIGNED"
"340","C-11","AS_ASSIGNED"
"341","C-12","AS_ASSIGNED"
"342","C-14","AS_ASSIGNED"
"343","C-15","AS_ASSIGNED"
"344","C-16","AS_ASSIGNED"
"345","C-16A","AS_ASSIGNED"
"346","C-17","AS_ASSIGNED"
"347","C-18","AS_ASSIGNED"
"348","C-2","AS_ASSIGNED"
"349","C-20","AS_ASSIGNED"
"350","C-3","AS_ASSIGNED"
"351","C-4","AS_ASSIGNED"
"352","C-6","AS_ASSIGNED"
"353","C-8","AS_ASSIGNED"
"354","C-9","AS_ASSIGNED"
"355","CG-2-12","AS_ASSIGNED"
"356","CG2-1","AS_ASSIGNED"
"357","CG2-10","AS_ASSIGNED"
"358","CG2-11","AS_ASSIGNED"
"359","CG2-13","AS_ASSIGNED"
"360","CG2-14","AS_ASSIGNED"
"361","CG2-15","AS_ASSIGNED"
"362","CG2-16","AS_ASSIGNED"
"363","CG2-2","AS_ASSIGNED"
"364","CG2-20","AS_ASSIGNED"
"365","CG2-3","AS_ASSIGNED"
"366","CG2-3R","AS_ASSIGNED"
"367","CG2-4","AS_ASSIGNED"
"368","CG2-4R","AS_ASSIGNED"
"369","CG2-5","AS_ASSIGNED"
"370","CG2-6","AS_ASSIGNED"
"371","CG2-7","AS_ASSIGNED"
"372","CG2-8","AS_ASSIGNED"
"373","CG2-9","AS_ASSIGNED"
"374","CG2-RON1","AS_ASSIGNED"
"375","CG3-1","AS_ASSIGNED"
"376","CG3-2","AS_ASSIGNED"
"377","CG3-2R","AS_ASSIGNED"
"378","CG4-1","AS_ASSIGNED"
"379","CG4-3","AS_ASSIGNED"
"380","CG4-5","AS_ASSIGNED"
"381","CG4-7","AS_ASSIGNED"
"382","CG4-9","AS_ASSIGNED"
"383","CG6-1","AS_ASSIGNED"
"384","CG6-2","AS_ASSIGNED"
"385","CG6-3","AS_ASSIGNED"
"386","CG6-4","AS_ASSIGNED"
"387","CG6-5","AS_ASSIGNED"
"388","D-1","AS_ASSIGNED"
"389","D-2","AS_ASSIGNED"
"390","D-3","AS_ASSIGNED"
"391","D-4","AS_ASSIGNED"
"392","D-5","AS_ASSIGNED"
"393","D-7","AS_ASSIGNED"
"394","D-8","AS_ASSIGNED"
"395","N-1","AS_ASSIGNED"
"396","N-10","AS_ASSIGNED"
"397","N-11","AS_ASSIGNED"
"398","N-12","AS_ASSIGNED"
"399","N-13","AS_ASSIGNED"
"400","N-14","AS_ASSIGNED"
"401","N-14A","AS_ASSIGNED"
"402","N-15","AS_ASSIGNED"
"403","N-18","AS_ASSIGNED"
"404","N-19","AS_ASSIGNED"
"405","N-2","AS_ASSIGNED"
"406","N-20","AS_ASSIGNED"
"407","N-3","AS_ASSIGNED"
"408","N-4","AS_ASSIGNED"
"409","N-5","AS_ASSIGNED"
"410","N-6","AS_ASSIGNED"
"411","N-7","AS_ASSIGNED"
"412","N-8","AS_ASSIGNED"
"413","N-9","AS_ASSIGNED"
"414","Q-1","AS_ASSIGNED"
"415","Q-10","AS_ASSIGNED"
"416","Q-11","AS_ASSIGNED"
"417","Q-12","AS_ASSIGNED"
"418","Q-13","AS_ASSIGNED"
"419","Q-14","AS_ASSIGNED"
"420","Q-15","AS_ASSIGNED"
"421","Q-16","AS_ASSIGNED"
"422","Q-17","AS_ASSIGNED"
"423","Q-18","AS_ASSIGNED"
"424","Q-2","AS_ASSIGNED"
"425","Q-3","AS_ASSIGNED"
"426","Q-4","AS_ASSIGNED"
"427","Q-5","AS_ASSIGNED"
"428","Q-6","AS_ASSIGNED"
"429","Q-7","AS_ASSIGNED"
"430","Q-8","AS_ASSIGNED"
"431","Q-9","AS_ASSIGNED"
"432","S-4A","AS_ASSIGNED"
"433","A-1","All Stands"
"434","A-10","All Stands"
"435","A-10A","All Stands"
"436","A-11","All Stands"
"437","A-11A","All Stands"
"438","A-11B","All Stands"
"439","A-12","All Stands"
"440","A-12A","All Stands"
"441","A-12B","All Stands"
"442","A-13","All Stands"
"443","A-13A","All Stands"
"444","A-14","All Stands"
"445","A-14R","All Stands"
"446","A-2","All Stands"
"447","A-3","All Stands"
"448","A-3A","All Stands"
"449","A-4","All Stands"
"450","A-4A","All Stands"
"451","A-5","All Stands"
"452","A-6","All Stands"
"453","A-6A","All Stands"
"454","A-7","All Stands"
"455","A-8","All Stands"
"456","A-8A","All Stands"
"457","A-9","All Stands"
"458","AS-CG1","All Stands"
"459","AS-CG2","All Stands"
"460","AS-H1","All Stands"
"461","AS-H12","All Stands"
"462","AS-H2","All Stands"
"463","AS-H3","All Stands"
"464","AS-H4","All Stands"
"465","AS-H5","All Stands"
"466","AS-H6","All Stands"
"467","AS-HA","All Stands"
"468","AS-HB","All Stands"
"469","AS-HC","All Stands"
"470","AS-HD","All Stands"
"471","AS-HE","All Stands"
"472","B-1","All Stands"
"473","B-10","All Stands"
"474","B-11","All Stands"
"475","B-12","All Stands"
"476","B-14","All Stands"
"477","B-15","All Stands"
"478","B-3","All Stands"
"479","B-4","All Stands"
"480","B-5","All Stands"
"481","B-5A","All Stands"
"482","B-6","All Stands"
"483","B-7","All Stands"
"484","B-7A","All Stands"
"485","B-7B","All Stands"
"486","B-8","All Stands"
"487","B-9","All Stands"
"488","B-9A","All Stands"
"489","C-10","All Stands"
"490","C-11","All Stands"
"491","C-12","All Stands"
"492","C-14","All Stands"
"493","C-15","All Stands"
"494","C-16","All Stands"
"495","C-16A","All Stands"
"496","C-17","All Stands"
"497","C-18","All Stands"
"498","C-2","All Stands"
"499","C-20","All Stands"
"500","C-3","All Stands"
"501","C-4","All Stands"
"502","C-6","All Stands"
"503","C-8","All Stands"
"504","C-9","All Stands"
"505","CG-2-12","All Stands"
"506","CG1-H1","All Stands"
"507","CG1-H2","All Stands"
"508","CG1-H3","All Stands"
"509","CG2-1","All Stands"
"510","CG2-10","All Stands"
"511","CG2-11","All Stands"
"512","CG2-13","All Stands"
"513","CG2-14","All Stands"
"514","CG2-15","All Stands"
"515","CG2-15R","All Stands"
"516","CG2-16","All Stands"
"517","CG2-2","All Stands"
"518","CG2-20","All Stands"
"519","CG2-3","All Stands"
"520","CG2-3R","All Stands"
"521","CG2-4","All Stands"
"522","CG2-4R","All Stands"
"523","CG2-5","All Stands"
"524","CG2-6","All Stands"
"525","CG2-9","All Stands"
"526","CG2-NL1","All Stands"
"527","CG2-NL2","All Stands"
"528","CG2-NL3","All Stands"
"529","CG2-R1","All Stands"
"530","CG2-R2","All Stands"
"531","CG2-R3","All Stands"
"532","CG2-R4","All Stands"
"533","CG2-RON1","All Stands"
"534","CG3-1","All Stands"
"535","CG3-2","All Stands"
"536","CG3-2R","All Stands"
"537","CG4-1","All Stands"
"538","CG4-3","All Stands"
"539","CG4-5","All Stands"
"540","CG4-7","All Stands"
"541","CG4-9","All Stands"
"542","CG5-1","All Stands"
"543","CG5-11","All Stands"
"544","CG5-2","All Stands"
"545","CG5-3","All Stands"
"546","CG5-4","All Stands"
"547","CG5-5","All Stands"
"548","CG5-6","All Stands"
"549","CG5-7","All Stands"
"550","CG5-8","All Stands"
"551","CG5-9","All Stands"
"552","CG6-1","All Stands"
"553","CG6-2","All Stands"
"554","CG6-3","All Stands"
"555","CG6-4","All Stands"
"556","CG6-5","All Stands"
"557","CG6-6","All Stands"
"558","CG6-7","All Stands"
"559","CG6-8","All Stands"
"560","CG6-NL6","All Stands"
"561","CG7-10","All Stands"
"562","CG7-11","All Stands"
"563","CG7-12","All Stands"
"564","CG7-1E","All Stands"
"565","CG7-1W","All Stands"
"566","CG7-2E","All Stands"
"567","CG7-2W","All Stands"
"568","CG7-3E","All Stands"
"569","CG7-3W","All Stands"
"570","CG7-4E","All Stands"
"571","CG7-4W","All Stands"
"572","CG7-5","All Stands"
"573","CG7-6","All Stands"
"574","CG7-7","All Stands"
"575","CG7-8","All Stands"
"576","CG7-9","All Stands"
"577","CG7-9R","All Stands"
"578","D-1","All Stands"
"579","D-10","All Stands"
"580","D-11","All Stands"
"581","D-11R","All Stands"
"582","D-2","All Stands"
"583","D-3","All Stands"
"584","D-4","All Stands"
"585","D-5","All Stands"
"586","D-7","All Stands"
"587","D-8","All Stands"
"588","D-9","All Stands"
"589","DL-CG1","All Stands"
"590","DL-CG2","All Stands"
"591","DL-H1","All Stands"
"592","DL-H2","All Stands"
"593","DL-RM1","All Stands"
"594","DL-RM2","All Stands"
"595","FX-0","All Stands"
"596","FX-1","All Stands"
"597","FX-2","All Stands"
"598","FX-3","All Stands"
"599","FX-4","All Stands"
"600","FX-E","All Stands"
"601","FX-F","All Stands"
"602","FX-G","All Stands"
"603","FX-H","All Stands"
"604","FX-I","All Stands"
"605","FX-J","All Stands"
"606","FX-K","All Stands"
"607","N-1","All Stands"
"608","N-10","All Stands"
"609","N-11","All Stands"
"610","N-11A","All Stands"
"611","N-12","All Stands"
"612","N-12A","All Stands"
"613","N-12B","All Stands"
"614","N-12C","All Stands"
"615","N-12D","All Stands"
"616","N-12E","All Stands"
"617","N-13","All Stands"
"618","N-14","All Stands"
"619","N-14A","All Stands"
"620","N-15","All Stands"
"621","N-15A","All Stands"
"622","N-16","All Stands"
"623","N-16A","All Stands"
"624","N-17","All Stands"
"625","N-18","All Stands"
"626","N-19","All Stands"
"627","N-2","All Stands"
"628","N-20","All Stands"
"629","N-3","All Stands"
"630","N-3A","All Stands"
"631","N-4","All Stands"
"632","N-5","All Stands"
"633","N-6","All Stands"
"634","N-7","All Stands"
"635","N-8","All Stands"
"636","N-9","All Stands"
"637","O","All Stands"
"638","Q-1","All Stands"
"639","Q-10","All Stands"
"640","Q-11","All Stands"
"641","Q-12","All Stands"
"642","Q-13","All Stands"
"643","Q-14","All Stands"
"644","Q-15","All Stands"
"645","Q-16","All Stands"
"646","Q-17","All Stands"
"647","Q-18","All Stands"
"648","Q-2","All Stands"
"649","Q-20","All Stands"
"650","Q-21","All Stands"
"651","Q-22","All Stands"
"652","Q-23","All Stands"
"653","Q-24","All Stands"
"654","Q-3","All Stands"
"655","Q-4","All Stands"
"656","Q-40","All Stands"
"657","Q-41","All Stands"
"658","Q-42","All Stands"
"659","Q-5","All Stands"
"660","Q-6","All Stands"
"661","Q-7","All Stands"
"662","Q-8","All Stands"
"663","Q-9","All Stands"
"664","S-1","All Stands"
"665","S-10","All Stands"
"666","S-10A","All Stands"
"667","S-10B","All Stands"
"668","S-11","All Stands"
"669","S-12","All Stands"
"670","S-15","All Stands"
"671","S-16","All Stands"
"672","S-16A","All Stands"
"673","S-16C","All Stands"
"674","S-1A","All Stands"
"675","S-1B","All Stands"
"676","S-2","All Stands"
"677","S-3","All Stands"
"678","S-3A","All Stands"
"679","S-4","All Stands"
"680","S-4A","All Stands"
"681","S-4B","All Stands"
"682","S-5","All Stands"
"683","S-6","All Stands"
"684","S-6A","All Stands"
"685","S-6Q","All Stands"
"686","S-6QX","All Stands"
"687","S-7","All Stands"
"688","S-7A","All Stands"
"689","S-8","All Stands"
"690","S-8A","All Stands"
"691","S-9","All Stands"
"692","S-9A","All Stands"
"693","S-9B","All Stands"
"694","UA-1","All Stands"
"695","UA-2","All Stands"
"696","UA-3","All Stands"
"697","UA-H4","All Stands"
"698","B-1","B CONCOURSE"
"699","B-10","B CONCOURSE"
"700","B-11","B CONCOURSE"
"701","B-12","B CONCOURSE"
"702","B-14","B CONCOURSE"
"703","B-15","B CONCOURSE"
"704","B-3","B CONCOURSE"
"705","B-4","B CONCOURSE"
"706","B-5","B CONCOURSE"
"707","B-5A","B CONCOURSE"
"708","B-6","B CONCOURSE"
"709","B-7","B CONCOURSE"
"710","B-7A","B CONCOURSE"
"711","B-7B","B CONCOURSE"
"712","B-8","B CONCOURSE"
"713","B-9","B CONCOURSE"
"714","C-10","C CONCOURSE"
"715","C-11","C CONCOURSE"
"716","C-12","C CONCOURSE"
"717","C-14","C CONCOURSE"
"718","C-15","C CONCOURSE"
"719","C-16","C CONCOURSE"
"720","C-16A","C CONCOURSE"
"721","C-17","C CONCOURSE"
"722","C-18","C CONCOURSE"
"723","C-2","C CONCOURSE"
"724","C-20","C CONCOURSE"
"725","C-3","C CONCOURSE"
"726","C-3R","C CONCOURSE"
"727","C-4","C CONCOURSE"
"728","C-6","C CONCOURSE"
"729","C-8","C CONCOURSE"
"730","C-9","C CONCOURSE"
"731","Q-1","C CONCOURSE"
"732","Q-10","C CONCOURSE"
"733","Q-11","C CONCOURSE"
"734","Q-12","C CONCOURSE"
"735","Q-13","C CONCOURSE"
"736","Q-14","C CONCOURSE"
"737","Q-15","C CONCOURSE"
"738","Q-16","C CONCOURSE"
"739","Q-18","C CONCOURSE"
"740","Q-2","C CONCOURSE"
"741","Q-3","C CONCOURSE"
"742","Q-4","C CONCOURSE"
"743","Q-5","C CONCOURSE"
"744","Q-6","C CONCOURSE"
"745","Q-7","C CONCOURSE"
"746","Q-8","C CONCOURSE"
"747","Q-9","C CONCOURSE"
"748","CG-2-12","CARGO"
"749","CG1-H1","CARGO"
"750","CG1-H2","CARGO"
"751","CG1-H3","CARGO"
"752","CG1-H3R","CARGO"
"753","CG2-1","CARGO"
"754","CG2-10","CARGO"
"755","CG2-11","CARGO"
"756","CG2-13","CARGO"
"757","CG2-14","CARGO"
"758","CG2-15","CARGO"
"759","CG2-15R","CARGO"
"760","CG2-16","CARGO"
"761","CG2-2","CARGO"
"762","CG2-20","CARGO"
"763","CG2-3","CARGO"
"764","CG2-3R","CARGO"
"765","CG2-4","CARGO"
"766","CG2-4R","CARGO"
"767","CG2-5","CARGO"
"768","CG2-6","CARGO"
"769","CG2-7","CARGO"
"770","CG2-8","CARGO"
"771","CG2-9","CARGO"
"772","CG2-R1","CARGO"
"773","CG2-R2","CARGO"
"774","CG2-R3","CARGO"
"775","CG2-R4","CARGO"
"776","CG2-RON1","CARGO"
"777","CG2-X","CARGO"
"778","CG3-1","CARGO"
"779","CG3-2","CARGO"
"780","CG3-2R","CARGO"
"781","CG4-1","CARGO"
"782","CG4-3","CARGO"
"783","CG4-5","CARGO"
"784","CG4-7","CARGO"
"785","CG4-9","CARGO"
"786","CG5-1","CARGO"
"787","CG5-11","CARGO"
"788","CG5-2","CARGO"
"789","CG5-3","CARGO"
"790","CG5-4","CARGO"
"791","CG5-5","CARGO"
"792","CG5-6","CARGO"
"793","CG5-7","CARGO"
"794","CG5-8","CARGO"
"795","CG5-9","CARGO"
"796","CG6-1","CARGO"
"797","CG6-2","CARGO"
"798","CG6-3","CARGO"
"799","CG6-4","CARGO"
"800","CG6-5","CARGO"
"801","CG6-6","CARGO"
"802","CG6-7","CARGO"
"803","CG6-8","CARGO"
"804","CG6-NL6","CARGO"
"805","CG7-10","CARGO"
"806","CG7-11","CARGO"
"807","CG7-12","CARGO"
"808","CG7-1A","CARGO"
"809","CG7-1B","CARGO"
"810","CG7-1E","CARGO"
"811","CG7-1W","CARGO"
"812","CG7-2A","CARGO"
"813","CG7-2B","CARGO"
"814","CG7-2E","CARGO"
"815","CG7-2W","CARGO"
"816","CG7-3E","CARGO"
"817","CG7-3W","CARGO"
"818","CG7-4E","CARGO"
"819","CG7-4W","CARGO"
"820","CG7-5","CARGO"
"821","CG7-6","CARGO"
"822","CG7-7","CARGO"
"823","CG7-8","CARGO"
"824","CG7-9","CARGO"
"825","CG7-9R","CARGO"
"826","AS-CG1","CARGO FILTERED"
"827","AS-CG2","CARGO FILTERED"
"828","CG-2-12","CARGO FILTERED"
"829","CG1-H3","CARGO FILTERED"
"830","CG2-1","CARGO FILTERED"
"831","CG2-10","CARGO FILTERED"
"832","CG2-11","CARGO FILTERED"
"833","CG2-13","CARGO FILTERED"
"834","CG2-14","CARGO FILTERED"
"835","CG2-15","CARGO FILTERED"
"836","CG2-2","CARGO FILTERED"
"837","CG2-3","CARGO FILTERED"
"838","CG2-4","CARGO FILTERED"
"839","CG2-5","CARGO FILTERED"
"840","CG2-6","CARGO FILTERED"
"841","CG2-9","CARGO FILTERED"
"842","CG3-1","CARGO FILTERED"
"843","CG4-3","CARGO FILTERED"
"844","CG4-7","CARGO FILTERED"
"845","CG6-2","CARGO FILTERED"
"846","CG6-4","CARGO FILTERED"
"847","FX-0","CARGO FILTERED"
"848","FX-1","CARGO FILTERED"
"849","FX-2","CARGO FILTERED"
"850","FX-3","CARGO FILTERED"
"851","FX-4","CARGO FILTERED"
"852","D-1","D CONCOURSE"
"853","D-10","D CONCOURSE"
"854","D-11","D CONCOURSE"
"855","D-11R","D CONCOURSE"
"856","D-2","D CONCOURSE"
"857","D-3","D CONCOURSE"
"858","D-4","D CONCOURSE"
"859","D-5","D CONCOURSE"
"860","D-7","D CONCOURSE"
"861","D-8","D CONCOURSE"
"862","D-9","D CONCOURSE"
"863","A-1","DL_ASSIGNED"
"864","A-13","DL_ASSIGNED"
"865","A-13A","DL_ASSIGNED"
"866","A-14","DL_ASSIGNED"
"867","A-14R","DL_ASSIGNED"
"868","A-2","DL_ASSIGNED"
"869","A-3","DL_ASSIGNED"
"870","A-3A","DL_ASSIGNED"
"871","A-4","DL_ASSIGNED"
"872","A-4A","DL_ASSIGNED"
"873","A-5","DL_ASSIGNED"
"874","B-1","DL_ASSIGNED"
"875","B-11","DL_ASSIGNED"
"876","B-3","DL_ASSIGNED"
"877","B-4","DL_ASSIGNED"
"878","B-5","DL_ASSIGNED"
"879","B-5A","DL_ASSIGNED"
"880","B-6","DL_ASSIGNED"
"881","B-7","DL_ASSIGNED"
"882","B-7A","DL_ASSIGNED"
"883","B-7B","DL_ASSIGNED"
"884","B-9","DL_ASSIGNED"
"885","CG-2-12","DL_ASSIGNED"
"886","CG2-1","DL_ASSIGNED"
"887","CG2-10","DL_ASSIGNED"
"888","CG2-11","DL_ASSIGNED"
"889","CG2-13","DL_ASSIGNED"
"890","CG2-14","DL_ASSIGNED"
"891","CG2-15","DL_ASSIGNED"
"892","CG2-16","DL_ASSIGNED"
"893","CG2-2","DL_ASSIGNED"
"894","CG2-20","DL_ASSIGNED"
"895","CG2-3","DL_ASSIGNED"
"896","CG2-3R","DL_ASSIGNED"
"897","CG2-4","DL_ASSIGNED"
"898","CG2-4R","DL_ASSIGNED"
"899","CG2-5","DL_ASSIGNED"
"900","CG2-6","DL_ASSIGNED"
"901","CG2-7","DL_ASSIGNED"
"902","CG2-8","DL_ASSIGNED"
"903","CG2-9","DL_ASSIGNED"
"904","CG2-RON1","DL_ASSIGNED"
"905","CG3-1","DL_ASSIGNED"
"906","CG3-2","DL_ASSIGNED"
"907","CG3-2R","DL_ASSIGNED"
"908","CG4-1","DL_ASSIGNED"
"909","CG4-3","DL_ASSIGNED"
"910","CG4-5","DL_ASSIGNED"
"911","CG4-7","DL_ASSIGNED"
"912","CG4-9","DL_ASSIGNED"
"913","CG6-1","DL_ASSIGNED"
"914","CG6-2","DL_ASSIGNED"
"915","CG6-3","DL_ASSIGNED"
"916","CG6-4","DL_ASSIGNED"
"917","CG6-5","DL_ASSIGNED"
"918","DL-CG1","DL_ASSIGNED"
"919","DL-CG2","DL_ASSIGNED"
"920","DL-H1","DL_ASSIGNED"
"921","DL-H2","DL_ASSIGNED"
"922","DL-RM1","DL_ASSIGNED"
"923","DL-RM2","DL_ASSIGNED"
"924","FX-0","FEDEX"
"925","FX-1","FEDEX"
"926","FX-2","FEDEX"
"927","FX-3","FEDEX"
"928","FX-4","FEDEX"
"929","FX-E","FEDEX"
"930","FX-F","FEDEX"
"931","FX-G","FEDEX"
"932","FX-H","FEDEX"
"933","FX-I","FEDEX"
"934","FX-J","FEDEX"
"935","FX-K","FEDEX"
"936","FX-0","FX_ASSIGNED"
"937","FX-1","FX_ASSIGNED"
"938","FX-2","FX_ASSIGNED"
"939","FX-3","FX_ASSIGNED"
"940","FX-4","FX_ASSIGNED"
"941","A-1","GATE POSITIONS (as considered for SAAB tows)"
"942","A-10","GATE POSITIONS (as considered for SAAB tows)"
"943","A-10A","GATE POSITIONS (as considered for SAAB tows)"
"944","A-11","GATE POSITIONS (as considered for SAAB tows)"
"945","A-11A","GATE POSITIONS (as considered for SAAB tows)"
"946","A-12","GATE POSITIONS (as considered for SAAB tows)"
"947","A-12A","GATE POSITIONS (as considered for SAAB tows)"
"948","A-12B","GATE POSITIONS (as considered for SAAB tows)"
"949","A-13","GATE POSITIONS (as considered for SAAB tows)"
"950","A-13A","GATE POSITIONS (as considered for SAAB tows)"
"951","A-14","GATE POSITIONS (as considered for SAAB tows)"
"952","A-14R","GATE POSITIONS (as considered for SAAB tows)"
"953","A-2","GATE POSITIONS (as considered for SAAB tows)"
"954","A-20","GATE POSITIONS (as considered for SAAB tows)"
"955","A-21","GATE POSITIONS (as considered for SAAB tows)"
"956","A-3","GATE POSITIONS (as considered for SAAB tows)"
"957","A-3A","GATE POSITIONS (as considered for SAAB tows)"
"958","A-4","GATE POSITIONS (as considered for SAAB tows)"
"959","A-4A","GATE POSITIONS (as considered for SAAB tows)"
"960","A-5","GATE POSITIONS (as considered for SAAB tows)"
"961","A-6","GATE POSITIONS (as considered for SAAB tows)"
"962","A-6A","GATE POSITIONS (as considered for SAAB tows)"
"963","A-7","GATE POSITIONS (as considered for SAAB tows)"
"964","A-8","GATE POSITIONS (as considered for SAAB tows)"
"965","A-8A","GATE POSITIONS (as considered for SAAB tows)"
"966","A-9","GATE POSITIONS (as considered for SAAB tows)"
"967","B-1","GATE POSITIONS (as considered for SAAB tows)"
"968","B-10","GATE POSITIONS (as considered for SAAB tows)"
"969","B-11","GATE POSITIONS (as considered for SAAB tows)"
"970","B-12","GATE POSITIONS (as considered for SAAB tows)"
"971","B-14","GATE POSITIONS (as considered for SAAB tows)"
"972","B-15","GATE POSITIONS (as considered for SAAB tows)"
"973","B-15A","GATE POSITIONS (as considered for SAAB tows)"
"974","B-3","GATE POSITIONS (as considered for SAAB tows)"
"975","B-3A","GATE POSITIONS (as considered for SAAB tows)"
"976","B-3B","GATE POSITIONS (as considered for SAAB tows)"
"977","B-4","GATE POSITIONS (as considered for SAAB tows)"
"978","B-5","GATE POSITIONS (as considered for SAAB tows)"
"979","B-5A","GATE POSITIONS (as considered for SAAB tows)"
"980","B-5B","GATE POSITIONS (as considered for SAAB tows)"
"981","B-6","GATE POSITIONS (as considered for SAAB tows)"
"982","B-7","GATE POSITIONS (as considered for SAAB tows)"
"983","B-7A","GATE POSITIONS (as considered for SAAB tows)"
"984","B-7B","GATE POSITIONS (as considered for SAAB tows)"
"985","B-8","GATE POSITIONS (as considered for SAAB tows)"
"986","B-9","GATE POSITIONS (as considered for SAAB tows)"
"987","B-9A","GATE POSITIONS (as considered for SAAB tows)"
"988","C-10","GATE POSITIONS (as considered for SAAB tows)"
"989","C-11","GATE POSITIONS (as considered for SAAB tows)"
"990","C-12","GATE POSITIONS (as considered for SAAB tows)"
"991","C-14","GATE POSITIONS (as considered for SAAB tows)"
"992","C-15","GATE POSITIONS (as considered for SAAB tows)"
"993","C-16","GATE POSITIONS (as considered for SAAB tows)"
"994","C-16A","GATE POSITIONS (as considered for SAAB tows)"
"995","C-17","GATE POSITIONS (as considered for SAAB tows)"
"996","C-18","GATE POSITIONS (as considered for SAAB tows)"
"997","C-2","GATE POSITIONS (as considered for SAAB tows)"
"998","C-20","GATE POSITIONS (as considered for SAAB tows)"
"999","C-3","GATE POSITIONS (as considered for SAAB tows)"
"1000","C-3R","GATE POSITIONS (as considered for SAAB tows)"
"1001","C-4","GATE POSITIONS (as considered for SAAB tows)"
"1002","C-6","GATE POSITIONS (as considered for SAAB tows)"
"1003","C-8","GATE POSITIONS (as considered for SAAB tows)"
"1004","C-9","GATE POSITIONS (as considered for SAAB tows)"
"1005","D-1","GATE POSITIONS (as considered for SAAB tows)"
"1006","D-10","GATE POSITIONS (as considered for SAAB tows)"
"1007","D-11","GATE POSITIONS (as considered for SAAB tows)"
"1008","D-11R","GATE POSITIONS (as considered for SAAB tows)"
"1009","D-2","GATE POSITIONS (as considered for SAAB tows)"
"1010","D-3","GATE POSITIONS (as considered for SAAB tows)"
"1011","D-4","GATE POSITIONS (as considered for SAAB tows)"
"1012","D-5","GATE POSITIONS (as considered for SAAB tows)"
"1013","D-6","GATE POSITIONS (as considered for SAAB tows)"
"1014","D-6A","GATE POSITIONS (as considered for SAAB tows)"
"1015","D-7","GATE POSITIONS (as considered for SAAB tows)"
"1016","D-8","GATE POSITIONS (as considered for SAAB tows)"
"1017","D-9","GATE POSITIONS (as considered for SAAB tows)"
"1018","N-1","GATE POSITIONS (as considered for SAAB tows)"
"1019","N-10","GATE POSITIONS (as considered for SAAB tows)"
"1020","N-10A","GATE POSITIONS (as considered for SAAB tows)"
"1021","N-11","GATE POSITIONS (as considered for SAAB tows)"
"1022","N-11A","GATE POSITIONS (as considered for SAAB tows)"
"1023","N-12","GATE POSITIONS (as considered for SAAB tows)"
"1024","N-12A","GATE POSITIONS (as considered for SAAB tows)"
"1025","N-12B","GATE POSITIONS (as considered for SAAB tows)"
"1026","N-12C","GATE POSITIONS (as considered for SAAB tows)"
"1027","N-12D","GATE POSITIONS (as considered for SAAB tows)"
"1028","N-12E","GATE POSITIONS (as considered for SAAB tows)"
"1029","N-13","GATE POSITIONS (as considered for SAAB tows)"
"1030","N-14","GATE POSITIONS (as considered for SAAB tows)"
"1031","N-14A","GATE POSITIONS (as considered for SAAB tows)"
"1032","N-15","GATE POSITIONS (as considered for SAAB tows)"
"1033","N-15A","GATE POSITIONS (as considered for SAAB tows)"
"1034","N-16","GATE POSITIONS (as considered for SAAB tows)"
"1035","N-17","GATE POSITIONS (as considered for SAAB tows)"
"1036","N-18","GATE POSITIONS (as considered for SAAB tows)"
"1037","N-19","GATE POSITIONS (as considered for SAAB tows)"
"1038","N-2","GATE POSITIONS (as considered for SAAB tows)"
"1039","N-20","GATE POSITIONS (as considered for SAAB tows)"
"1040","N-3","GATE POSITIONS (as considered for SAAB tows)"
"1041","N-3A","GATE POSITIONS (as considered for SAAB tows)"
"1042","N-4","GATE POSITIONS (as considered for SAAB tows)"
"1043","N-5","GATE POSITIONS (as considered for SAAB tows)"
"1044","N-6","GATE POSITIONS (as considered for SAAB tows)"
"1045","N-7","GATE POSITIONS (as considered for SAAB tows)"
"1046","N-8","GATE POSITIONS (as considered for SAAB tows)"
"1047","N-9","GATE POSITIONS (as considered for SAAB tows)"
"1048","S-1","GATE POSITIONS (as considered for SAAB tows)"
"1049","S-10","GATE POSITIONS (as considered for SAAB tows)"
"1050","S-10A","GATE POSITIONS (as considered for SAAB tows)"
"1051","S-10B","GATE POSITIONS (as considered for SAAB tows)"
"1052","S-11","GATE POSITIONS (as considered for SAAB tows)"
"1053","S-12","GATE POSITIONS (as considered for SAAB tows)"
"1054","S-15","GATE POSITIONS (as considered for SAAB tows)"
"1055","S-16","GATE POSITIONS (as considered for SAAB tows)"
"1056","S-16A","GATE POSITIONS (as considered for SAAB tows)"
"1057","S-16C","GATE POSITIONS (as considered for SAAB tows)"
"1058","S-1A","GATE POSITIONS (as considered for SAAB tows)"
"1059","S-1B","GATE POSITIONS (as considered for SAAB tows)"
"1060","S-2","GATE POSITIONS (as considered for SAAB tows)"
"1061","S-3","GATE POSITIONS (as considered for SAAB tows)"
"1062","S-3A","GATE POSITIONS (as considered for SAAB tows)"
"1063","S-4","GATE POSITIONS (as considered for SAAB tows)"
"1064","S-4A","GATE POSITIONS (as considered for SAAB tows)"
"1065","S-4B","GATE POSITIONS (as considered for SAAB tows)"
"1066","S-5","GATE POSITIONS (as considered for SAAB tows)"
"1067","S-6","GATE POSITIONS (as considered for SAAB tows)"
"1068","S-6A","GATE POSITIONS (as considered for SAAB tows)"
"1069","S-6Q","GATE POSITIONS (as considered for SAAB tows)"
"1070","S-6QX","GATE POSITIONS (as considered for SAAB tows)"
"1071","S-7","GATE POSITIONS (as considered for SAAB tows)"
"1072","S-7A","GATE POSITIONS (as considered for SAAB tows)"
"1073","S-8","GATE POSITIONS (as considered for SAAB tows)"
"1074","S-8A","GATE POSITIONS (as considered for SAAB tows)"
"1075","S-9","GATE POSITIONS (as considered for SAAB tows)"
"1076","S-9A","GATE POSITIONS (as considered for SAAB tows)"
"1077","S-9B","GATE POSITIONS (as considered for SAAB tows)"
"1078","CG5-1","Hardstand 5"
"1079","CG5-10","Hardstand 5"
"1080","CG5-10R","Hardstand 5"
"1081","CG5-11","Hardstand 5"
"1082","CG5-2","Hardstand 5"
"1083","CG5-3","Hardstand 5"
"1084","CG5-4","Hardstand 5"
"1085","CG5-5","Hardstand 5"
"1086","CG5-6","Hardstand 5"
"1087","CG5-7","Hardstand 5"
"1088","CG5-8","Hardstand 5"
"1089","CG5-9","Hardstand 5"
"1090","CG6-1","Hardstand 6"
"1091","CG6-2","Hardstand 6"
"1092","CG6-3","Hardstand 6"
"1093","CG6-4","Hardstand 6"
"1094","CG6-5","Hardstand 6"
"1095","CG6-6","Hardstand 6"
"1096","CG6-7","Hardstand 6"
"1097","CG6-8","Hardstand 6"
"1098","CG7-10","Hardstand 7"
"1099","CG7-11","Hardstand 7"
"1100","CG7-12","Hardstand 7"
"1101","CG7-1E","Hardstand 7"
"1102","CG7-1W","Hardstand 7"
"1103","CG7-2E","Hardstand 7"
"1104","CG7-2W","Hardstand 7"
"1105","CG7-3E","Hardstand 7"
"1106","CG7-3W","Hardstand 7"
"1107","CG7-4E","Hardstand 7"
"1108","CG7-4W","Hardstand 7"
"1109","CG7-5","Hardstand 7"
"1110","CG7-6","Hardstand 7"
"1111","CG7-7","Hardstand 7"
"1112","CG7-8","Hardstand 7"
"1113","CG7-9","Hardstand 7"
"1114","CG7-9R","Hardstand 7"
"1115","S-1","Intl Arrivals"
"1116","S-10","Intl Arrivals"
"1117","S-10A","Intl Arrivals"
"1118","S-11","Intl Arrivals"
"1119","S-12","Intl Arrivals"
"1120","S-15","Intl Arrivals"
"1121","S-16","Intl Arrivals"
"1122","S-1A","Intl Arrivals"
"1123","S-1B","Intl Arrivals"
"1124","S-2","Intl Arrivals"
"1125","S-3","Intl Arrivals"
"1126","S-3A","Intl Arrivals"
"1127","S-4","Intl Arrivals"
"1128","S-4A","Intl Arrivals"
"1129","S-5","Intl Arrivals"
"1130","S-6","Intl Arrivals"
"1131","S-6A","Intl Arrivals"
"1132","S-7","Intl Arrivals"
"1133","S-7A","Intl Arrivals"
"1134","S-8","Intl Arrivals"
"1135","S-8A","Intl Arrivals"
"1136","S-9","Intl Arrivals"
"1137","S-9A","Intl Arrivals"
"1138","S-9B","Intl Arrivals"
"1139","N-1","NORTH SAT"
"1140","N-10","NORTH SAT"
"1141","N-11","NORTH SAT"
"1142","N-12","NORTH SAT"
"1143","N-13","NORTH SAT"
"1144","N-14","NORTH SAT"
"1145","N-14A","NORTH SAT"
"1146","N-15","NORTH SAT"
"1147","N-16","NORTH SAT"
"1148","N-16A","NORTH SAT"
"1149","N-17","NORTH SAT"
"1150","N-18","NORTH SAT"
"1151","N-19","NORTH SAT"
"1152","N-2","NORTH SAT"
"1153","N-20","NORTH SAT"
"1154","N-3","NORTH SAT"
"1155","N-4","NORTH SAT"
"1156","N-5","NORTH SAT"
"1157","N-6","NORTH SAT"
"1158","N-7","NORTH SAT"
"1159","N-8","NORTH SAT"
"1160","N-9","NORTH SAT"
"1161","A-10","OO_ASSIGNED"
"1162","A-10A","OO_ASSIGNED"
"1163","A-8","OO_ASSIGNED"
"1164","A-8A","OO_ASSIGNED"
"1165","A-9","OO_ASSIGNED"
"1166","C-11","OO_ASSIGNED"
"1167","C-15","OO_ASSIGNED"
"1168","C-17","OO_ASSIGNED"
"1169","C-18","OO_ASSIGNED"
"1170","C-20","OO_ASSIGNED"
"1171","C-9","OO_ASSIGNED"
"1172","D-1","OO_ASSIGNED"
"1173","D-10","OO_ASSIGNED"
"1174","D-11","OO_ASSIGNED"
"1175","D-2","OO_ASSIGNED"
"1176","D-3","OO_ASSIGNED"
"1177","N-10","OO_ASSIGNED"
"1178","N-11","OO_ASSIGNED"
"1179","N-12","OO_ASSIGNED"
"1180","N-13","OO_ASSIGNED"
"1181","N-14","OO_ASSIGNED"
"1182","N-14A","OO_ASSIGNED"
"1183","N-15","OO_ASSIGNED"
"1184","N-16","OO_ASSIGNED"
"1185","N-17","OO_ASSIGNED"
"1186","N-18","OO_ASSIGNED"
"1187","N-19","OO_ASSIGNED"
"1188","N-20","OO_ASSIGNED"
"1189","N-3","OO_ASSIGNED"
"1190","N-4","OO_ASSIGNED"
"1191","N-5","OO_ASSIGNED"
"1192","N-6","OO_ASSIGNED"
"1193","N-7","OO_ASSIGNED"
"1194","N-8","OO_ASSIGNED"
"1195","N-9","OO_ASSIGNED"
"1196","S-1A","OO_ASSIGNED"
"1197","S-1B","OO_ASSIGNED"
"1198","A-11","POS_ASSIGNED"
"1199","A-11A","POS_ASSIGNED"
"1200","A-11B","POS_ASSIGNED"
"1201","A-12","POS_ASSIGNED"
"1202","A-12A","POS_ASSIGNED"
"1203","A-12B","POS_ASSIGNED"
"1204","A-7","POS_ASSIGNED"
"1205","B-15","POS_ASSIGNED"
"1206","N-16","POS_ASSIGNED"
"1207","N-16A","POS_ASSIGNED"
"1208","N-17","POS_ASSIGNED"
"1209","S-1","POS_ASSIGNED"
"1210","S-10","POS_ASSIGNED"
"1211","S-10A","POS_ASSIGNED"
"1212","S-10B","POS_ASSIGNED"
"1213","S-11","POS_ASSIGNED"
"1214","S-12","POS_ASSIGNED"
"1215","S-15","POS_ASSIGNED"
"1216","S-16","POS_ASSIGNED"
"1217","S-1A","POS_ASSIGNED"
"1218","S-1B","POS_ASSIGNED"
"1219","S-2","POS_ASSIGNED"
"1220","S-3","POS_ASSIGNED"
"1221","S-3A","POS_ASSIGNED"
"1222","S-4","POS_ASSIGNED"
"1223","S-4A","POS_ASSIGNED"
"1224","S-4B","POS_ASSIGNED"
"1225","S-5","POS_ASSIGNED"
"1226","S-6","POS_ASSIGNED"
"1227","S-6A","POS_ASSIGNED"
"1228","S-7","POS_ASSIGNED"
"1229","S-7A","POS_ASSIGNED"
"1230","S-8","POS_ASSIGNED"
"1231","S-8A","POS_ASSIGNED"
"1232","S-9","POS_ASSIGNED"
"1233","S-9A","POS_ASSIGNED"
"1234","S-9B","POS_ASSIGNED"
"1235","A-11","Port Common Use"
"1236","A-11A","Port Common Use"
"1237","A-11B","Port Common Use"
"1238","A-12","Port Common Use"
"1239","A-12A","Port Common Use"
"1240","A-12B","Port Common Use"
"1241","A-7","Port Common Use"
"1242","B-15","Port Common Use"
"1243","N-16","Port Common Use"
"1244","N-16A","Port Common Use"
"1245","N-17","Port Common Use"
"1246","S-1","Port Common Use"
"1247","S-10","Port Common Use"
"1248","S-10A","Port Common Use"
"1249","S-10B","Port Common Use"
"1250","S-11","Port Common Use"
"1251","S-12","Port Common Use"
"1252","S-15","Port Common Use"
"1253","S-16","Port Common Use"
"1254","S-1A","Port Common Use"
"1255","S-1B","Port Common Use"
"1256","S-2","Port Common Use"
"1257","S-3","Port Common Use"
"1258","S-3A","Port Common Use"
"1259","S-4","Port Common Use"
"1260","S-4A","Port Common Use"
"1261","S-4B","Port Common Use"
"1262","S-5","Port Common Use"
"1263","S-6","Port Common Use"
"1264","S-6A","Port Common Use"
"1265","S-7","Port Common Use"
"1266","S-7A","Port Common Use"
"1267","S-8","Port Common Use"
"1268","S-8A","Port Common Use"
"1269","S-9","Port Common Use"
"1270","S-9A","Port Common Use"
"1271","S-9B","Port Common Use"
"1272","N-14A","QK_ASSIGNED"
"1273","A-6","QX_ASSIGNED"
"1274","A-6A","QX_ASSIGNED"
"1275","AS-CG1","QX_ASSIGNED"
"1276","AS-CG2","QX_ASSIGNED"
"1277","AS-H1","QX_ASSIGNED"
"1278","AS-H12","QX_ASSIGNED"
"1279","AS-H2","QX_ASSIGNED"
"1280","AS-H3","QX_ASSIGNED"
"1281","AS-H4","QX_ASSIGNED"
"1282","AS-H5","QX_ASSIGNED"
"1283","AS-H6","QX_ASSIGNED"
"1284","AS-HA","QX_ASSIGNED"
"1285","AS-HB","QX_ASSIGNED"
"1286","AS-HC","QX_ASSIGNED"
"1287","AS-HD","QX_ASSIGNED"
"1288","AS-HE","QX_ASSIGNED"
"1289","C-10","QX_ASSIGNED"
"1290","C-11","QX_ASSIGNED"
"1291","C-12","QX_ASSIGNED"
"1292","C-14","QX_ASSIGNED"
"1293","C-15","QX_ASSIGNED"
"1294","C-16","QX_ASSIGNED"
"1295","C-17","QX_ASSIGNED"
"1296","C-18","QX_ASSIGNED"
"1297","C-2","QX_ASSIGNED"
"1298","C-20","QX_ASSIGNED"
"1299","C-3","QX_ASSIGNED"
"1300","C-4","QX_ASSIGNED"
"1301","C-6","QX_ASSIGNED"
"1302","C-8","QX_ASSIGNED"
"1303","C-9","QX_ASSIGNED"
"1304","CG-2-12","QX_ASSIGNED"
"1305","CG2-1","QX_ASSIGNED"
"1306","CG2-10","QX_ASSIGNED"
"1307","CG2-11","QX_ASSIGNED"
"1308","CG2-13","QX_ASSIGNED"
"1309","CG2-14","QX_ASSIGNED"
"1310","CG2-15","QX_ASSIGNED"
"1311","CG2-16","QX_ASSIGNED"
"1312","CG2-2","QX_ASSIGNED"
"1313","CG2-20","QX_ASSIGNED"
"1314","CG2-3","QX_ASSIGNED"
"1315","CG2-3R","QX_ASSIGNED"
"1316","CG2-4R","QX_ASSIGNED"
"1317","CG2-9","QX_ASSIGNED"
"1318","CG2-RON1","QX_ASSIGNED"
"1319","CG3-1","QX_ASSIGNED"
"1320","CG3-2","QX_ASSIGNED"
"1321","CG3-2R","QX_ASSIGNED"
"1322","CG4-1","QX_ASSIGNED"
"1323","CG4-3","QX_ASSIGNED"
"1324","CG4-5","QX_ASSIGNED"
"1325","CG4-7","QX_ASSIGNED"
"1326","CG4-9","QX_ASSIGNED"
"1327","CG6-1","QX_ASSIGNED"
"1328","CG6-2","QX_ASSIGNED"
"1329","CG6-3","QX_ASSIGNED"
"1330","CG6-4","QX_ASSIGNED"
"1331","CG6-5","QX_ASSIGNED"
"1332","D-1","QX_ASSIGNED"
"1333","D-2","QX_ASSIGNED"
"1334","D-3","QX_ASSIGNED"
"1335","D-4","QX_ASSIGNED"
"1336","D-5","QX_ASSIGNED"
"1337","D-7","QX_ASSIGNED"
"1338","N-10","QX_ASSIGNED"
"1339","N-11","QX_ASSIGNED"
"1340","N-12","QX_ASSIGNED"
"1341","N-13","QX_ASSIGNED"
"1342","N-14","QX_ASSIGNED"
"1343","N-15","QX_ASSIGNED"
"1344","N-18","QX_ASSIGNED"
"1345","N-19","QX_ASSIGNED"
"1346","N-20","QX_ASSIGNED"
"1347","N-3","QX_ASSIGNED"
"1348","N-4","QX_ASSIGNED"
"1349","N-5","QX_ASSIGNED"
"1350","N-6","QX_ASSIGNED"
"1351","N-7","QX_ASSIGNED"
"1352","N-8","QX_ASSIGNED"
"1353","N-9","QX_ASSIGNED"
"1354","Q-1","QX_ASSIGNED"
"1355","Q-10","QX_ASSIGNED"
"1356","Q-11","QX_ASSIGNED"
"1357","Q-12","QX_ASSIGNED"
"1358","Q-13","QX_ASSIGNED"
"1359","Q-14","QX_ASSIGNED"
"1360","Q-15","QX_ASSIGNED"
"1361","Q-16","QX_ASSIGNED"
"1362","Q-17","QX_ASSIGNED"
"1363","Q-18","QX_ASSIGNED"
"1364","Q-2","QX_ASSIGNED"
"1365","Q-3","QX_ASSIGNED"
"1366","Q-4","QX_ASSIGNED"
"1367","Q-5","QX_ASSIGNED"
"1368","Q-6","QX_ASSIGNED"
"1369","Q-7","QX_ASSIGNED"
"1370","Q-8","QX_ASSIGNED"
"1371","Q-9","QX_ASSIGNED"
"1372","CG5-1","Remote Bus Stands"
"1373","CG5-10","Remote Bus Stands"
"1374","CG5-10R","Remote Bus Stands"
"1375","CG5-2","Remote Bus Stands"
"1376","CG5-3","Remote Bus Stands"
"1377","CG5-4","Remote Bus Stands"
"1378","CG5-5","Remote Bus Stands"
"1379","CG5-6","Remote Bus Stands"
"1380","CG5-7","Remote Bus Stands"
"1381","CG5-8","Remote Bus Stands"
"1382","CG5-9","Remote Bus Stands"
"1383","CG7-10","Remote Bus Stands"
"1384","CG7-11","Remote Bus Stands"
"1385","CG7-12","Remote Bus Stands"
"1386","CG7-1A","Remote Bus Stands"
"1387","CG7-1B","Remote Bus Stands"
"1388","CG7-1E","Remote Bus Stands"
"1389","CG7-1W","Remote Bus Stands"
"1390","CG7-2A","Remote Bus Stands"
"1391","CG7-2B","Remote Bus Stands"
"1392","CG7-2E","Remote Bus Stands"
"1393","CG7-2W","Remote Bus Stands"
"1394","CG7-3E","Remote Bus Stands"
"1395","CG7-3W","Remote Bus Stands"
"1396","CG7-4E","Remote Bus Stands"
"1397","CG7-4W","Remote Bus Stands"
"1398","CG7-5","Remote Bus Stands"
"1399","CG7-6","Remote Bus Stands"
"1400","CG7-7","Remote Bus Stands"
"1401","CG7-8","Remote Bus Stands"
"1402","CG7-9","Remote Bus Stands"
"1403","CG7-9R","Remote Bus Stands"
"1404","S-9A","S9_HOLDROOM"
"1405","S-9B","S9_HOLDROOM"
"1406","S-1","SOUTH SAT"
"1407","S-10","SOUTH SAT"
"1408","S-10A","SOUTH SAT"
"1409","S-10B","SOUTH SAT"
"1410","S-11","SOUTH SAT"
"1411","S-12","SOUTH SAT"
"1412","S-15","SOUTH SAT"
"1413","S-16","SOUTH SAT"
"1414","S-1A","SOUTH SAT"
"1415","S-1B","SOUTH SAT"
"1416","S-2","SOUTH SAT"
"1417","S-3","SOUTH SAT"
"1418","S-3A","SOUTH SAT"
"1419","S-4","SOUTH SAT"
"1420","S-4A","SOUTH SAT"
"1421","S-4B","SOUTH SAT"
"1422","S-5","SOUTH SAT"
"1423","S-6","SOUTH SAT"
"1424","S-6A","SOUTH SAT"
"1425","S-7","SOUTH SAT"
"1426","S-7A","SOUTH SAT"
"1427","S-8","SOUTH SAT"
"1428","S-8A","SOUTH SAT"
"1429","S-9","SOUTH SAT"
"1430","S-9A","SOUTH SAT"
"1431","S-9B","SOUTH SAT"
"1432","A-1","South End Gates"
"1433","A-10","South End Gates"
"1434","A-10A","South End Gates"
"1435","A-11","South End Gates"
"1436","A-11A","South End Gates"
"1437","A-12","South End Gates"
"1438","A-12A","South End Gates"
"1439","A-12B","South End Gates"
"1440","A-13","South End Gates"
"1441","A-13A","South End Gates"
"1442","A-14","South End Gates"
"1443","A-2","South End Gates"
"1444","A-3","South End Gates"
"1445","A-3A","South End Gates"
"1446","A-4","South End Gates"
"1447","A-4A","South End Gates"
"1448","A-5","South End Gates"
"1449","A-6","South End Gates"
"1450","A-6A","South End Gates"
"1451","A-7","South End Gates"
"1452","A-8","South End Gates"
"1453","A-8A","South End Gates"
"1454","A-9","South End Gates"
"1455","B-1","South End Gates"
"1456","B-10","South End Gates"
"1457","B-11","South End Gates"
"1458","B-12","South End Gates"
"1459","B-14","South End Gates"
"1460","B-15","South End Gates"
"1461","B-3","South End Gates"
"1462","B-4","South End Gates"
"1463","B-5","South End Gates"
"1464","B-6","South End Gates"
"1465","B-7","South End Gates"
"1466","B-7A","South End Gates"
"1467","B-7B","South End Gates"
"1468","B-8","South End Gates"
"1469","B-9","South End Gates"
"1470","CG7-1","South End Gates"
"1471","CG7-10","South End Gates"
"1472","CG7-11","South End Gates"
"1473","CG7-12","South End Gates"
"1474","CG7-1E","South End Gates"
"1475","CG7-1W","South End Gates"
"1476","CG7-2","South End Gates"
"1477","CG7-2E","South End Gates"
"1478","CG7-2W","South End Gates"
"1479","CG7-3","South End Gates"
"1480","CG7-3E","South End Gates"
"1481","CG7-3W","South End Gates"
"1482","CG7-4","South End Gates"
"1483","CG7-4E","South End Gates"
"1484","CG7-4W","South End Gates"
"1485","CG7-5","South End Gates"
"1486","CG7-6","South End Gates"
"1487","CG7-7","South End Gates"
"1488","CG7-8","South End Gates"
"1489","CG7-9","South End Gates"
"1490","CG7-9R","South End Gates"
"1491","S-1","South End Gates"
"1492","S-10","South End Gates"
"1493","S-10A","South End Gates"
"1494","S-10B","South End Gates"
"1495","S-11","South End Gates"
"1496","S-12","South End Gates"
"1497","S-15","South End Gates"
"1498","S-16","South End Gates"
"1499","S-1A","South End Gates"
"1500","S-1B","South End Gates"
"1501","S-2","South End Gates"
"1502","S-3","South End Gates"
"1503","S-3A","South End Gates"
"1504","S-4","South End Gates"
"1505","S-4A","South End Gates"
"1506","S-4B","South End Gates"
"1507","S-5","South End Gates"
"1508","S-6","South End Gates"
"1509","S-6A","South End Gates"
"1510","S-7","South End Gates"
"1511","S-7A","South End Gates"
"1512","S-8","South End Gates"
"1513","S-8A","South End Gates"
"1514","S-9","South End Gates"
"1515","S-9A","South End Gates"
"1516","S-9B","South End Gates"
"1517","UA-1","UA Maintenance"
"1518","UA-2","UA Maintenance"
"1519","UA-3","UA Maintenance"
"1520","A-10","UA_ASSIGNED"
"1521","A-10A","UA_ASSIGNED"
"1522","A-8","UA_ASSIGNED"
"1523","A-8A","UA_ASSIGNED"
"1524","A-9","UA_ASSIGNED"
"1525","CG-2-12","UA_ASSIGNED"
"1526","CG2-1","UA_ASSIGNED"
"1527","CG2-10","UA_ASSIGNED"
"1528","CG2-11","UA_ASSIGNED"
"1529","CG2-13","UA_ASSIGNED"
"1530","CG2-14","UA_ASSIGNED"
"1531","CG2-15","UA_ASSIGNED"
"1532","CG2-16","UA_ASSIGNED"
"1533","CG2-2","UA_ASSIGNED"
"1534","CG2-20","UA_ASSIGNED"
"1535","CG2-3","UA_ASSIGNED"
"1536","CG2-3R","UA_ASSIGNED"
"1537","CG2-4","UA_ASSIGNED"
"1538","CG2-4R","UA_ASSIGNED"
"1539","CG2-5","UA_ASSIGNED"
"1540","CG2-6","UA_ASSIGNED"
"1541","CG2-7","UA_ASSIGNED"
"1542","CG2-8","UA_ASSIGNED"
"1543","CG2-9","UA_ASSIGNED"
"1544","CG2-RON1","UA_ASSIGNED"
"1545","CG3-1","UA_ASSIGNED"
"1546","CG3-2","UA_ASSIGNED"
"1547","CG3-2R","UA_ASSIGNED"
"1548","CG4-1","UA_ASSIGNED"
"1549","CG4-3","UA_ASSIGNED"
"1550","CG4-5","UA_ASSIGNED"
"1551","CG4-7","UA_ASSIGNED"
"1552","CG4-9","UA_ASSIGNED"
"1553","CG6-1","UA_ASSIGNED"
"1554","CG6-2","UA_ASSIGNED"
"1555","CG6-3","UA_ASSIGNED"
"1556","CG6-4","UA_ASSIGNED"
"1557","CG6-5","UA_ASSIGNED"
"1558","UA-1","UA_ASSIGNED"
"1559","UA-2","UA_ASSIGNED"
"1560","UA-3","UA_ASSIGNED"
"1561","B-10","WN_ASSIGNED"
"1562","B-12","WN_ASSIGNED"
"1563","B-14","WN_ASSIGNED"
"1564","B-8","WN_ASSIGNED"
"1565","CG-2-12","WN_ASSIGNED"
"1566","CG2-1","WN_ASSIGNED"
"1567","CG2-10","WN_ASSIGNED"
"1568","CG2-11","WN_ASSIGNED"
"1569","CG2-13","WN_ASSIGNED"
"1570","CG2-14","WN_ASSIGNED"
"1571","CG2-15","WN_ASSIGNED"
"1572","CG2-16","WN_ASSIGNED"
"1573","CG2-2","WN_ASSIGNED"
"1574","CG2-20","WN_ASSIGNED"
"1575","CG2-3","WN_ASSIGNED"
"1576","CG2-3R","WN_ASSIGNED"
"1577","CG2-4","WN_ASSIGNED"
"1578","CG2-4R","WN_ASSIGNED"
"1579","CG2-5","WN_ASSIGNED"
"1580","CG2-6","WN_ASSIGNED"
"1581","CG2-7","WN_ASSIGNED"
"1582","CG2-8","WN_ASSIGNED"
"1583","CG2-9","WN_ASSIGNED"
"1584","CG2-RON1","WN_ASSIGNED"
"1585","CG3-1","WN_ASSIGNED"
"1586","CG3-2","WN_ASSIGNED"
"1587","CG3-2R","WN_ASSIGNED"
"1588","CG4-1","WN_ASSIGNED"
"1589","CG4-3","WN_ASSIGNED"
"1590","CG4-5","WN_ASSIGNED"
"1591","CG4-7","WN_ASSIGNED"
"1592","CG4-9","WN_ASSIGNED"
"1593","CG6-1","WN_ASSIGNED"
"1594","CG6-2","WN_ASSIGNED"
"1595","CG6-3","WN_ASSIGNED"
"1596","CG6-4","WN_ASSIGNED"
"1597","CG6-5","WN_ASSIGNED"
"1598","A-10","Widebody gates"
"1599","A-11","Widebody gates"
"1600","A-12","Widebody gates"
"1601","A-13","Widebody gates"
"1602","A-3","Widebody gates"
"1603","A-4","Widebody gates"
"1604","A-6","Widebody gates"
"1605","B-7","Widebody gates"
"1606","N-16A","Widebody gates"
"1607","S-1","Widebody gates"
"1608","S-10","Widebody gates"
"1609","S-11","Widebody gates"
"1610","S-12","Widebody gates"
"1611","S-15","Widebody gates"
"1612","S-16","Widebody gates"
"1613","S-3","Widebody gates"
"1614","S-4","Widebody gates"
"1615","S-7","Widebody gates"
"1616","S-8","Widebody gates"
"1617","S-9","Widebody gates"
